domain	rank	taxon	total_genomes	species_clusters	hq_reps	n_class_hq	n_order_hq	n_family_hq	n_genus_hq	n_species_hq
Archaea	phylum	Nanobdellota	2673	1861	702	1	17	148	421	702
Archaea	phylum	Thermoproteota	6060	2306	1145	9	28	99	338	1145
Archaea	phylum	Halobacteriota	3795	1879	1106	11	17	41	225	1106
Archaea	phylum	Thermoplasmatota	4961	1647	546	8	29	56	180	546
Archaea	phylum	Micrarchaeota	1358	540	190	1	6	25	93	190
Archaea	phylum	Aenigmatarchaeota	497	371	98	1	8	23	67	98
Archaea	phylum	Asgardarchaeota	622	400	90	8	11	17	41	90
Archaea	phylum	Iainarchaeota	280	215	58	1	3	20	35	58
Archaea	phylum	Methanobacteriota	1130	330	224	1	2	4	28	224
Archaea	phylum	Nanohalarchaeota	84	70	28	1	1	3	18	28
Archaea	phylum	Methanobacteriota_B	263	133	99	1	2	6	15	99
Archaea	phylum	Hydrothermarchaeota	51	38	21	1	2	10	14	21
Archaea	phylum	Hadarchaeota	115	66	26	2	2	5	12	26
Archaea	phylum	Altiarchaeota	91	61	13	1	1	4	11	13
Archaea	phylum	B1Sed10-29	41	31	11	1	2	8	10	11
Archaea	phylum	Korarchaeota	106	43	25	2	3	4	8	25
Archaea	phylum	EX4484-52	55	42	10	1	1	6	7	10
Archaea	phylum	SpSt-1190	20	17	8	1	3	4	7	8
Archaea	phylum	AGJL01	86	40	30	1	1	2	5	30
Archaea	phylum	CAYQAE01	5	5	4	1	2	2	4	4
Archaea	phylum	Undinarchaeota	26	17	2	2	2	2	2	2
Archaea	phylum	CAYFZR01	2	2	1	1	1	1	1	1
Archaea	phylum	JAADCQ01	10	6	4	1	1	1	1	4
Archaea	phylum	JACRDV01	1	1	1	1	1	1	1	1
Archaea	phylum	Huberarchaeota	11	1	0	0	0	0	0	0
Archaea	class	Nanobdellia	2673	1861	702	0	17	148	421	702
Archaea	class	Bathyarchaeia	1116	718	312	0	7	29	119	312
Archaea	class	Halobacteria	1388	835	529	0	1	11	103	529
Archaea	class	Thermoplasmata	2643	841	368	0	13	32	97	368
Archaea	class	Micrarchaeia	1358	540	190	0	6	25	93	190
Archaea	class	Thermoprotei_A	1391	352	203	0	4	18	77	203
Archaea	class	Nitrososphaeria	2295	932	458	0	5	20	75	458
Archaea	class	Aenigmatarchaeia	497	371	98	0	8	23	67	98
Archaea	class	Methanosarcinia	955	392	231	0	3	8	40	231
Archaea	class	E2	248	197	76	0	3	7	38	76
Archaea	class	Iainarchaeia	280	215	58	0	3	20	35	58
Archaea	class	Methanomicrobia	933	408	215	0	1	6	34	215
Archaea	class	Thermoprotei	407	120	73	0	4	13	29	73
Archaea	class	Methanobacteria	1130	330	224	0	2	4	28	224
Archaea	class	Poseidoniia	1953	522	76	0	2	3	21	76
Archaea	class	Archaeoglobi	222	96	73	0	2	3	20	73
Archaea	class	Methanomethylicia	223	62	35	0	4	9	19	35
Archaea	class	Nanosalinia	84	70	28	0	1	3	18	28
Archaea	class	Thorarchaeia	120	87	24	0	1	2	15	24
Archaea	class	Thermococci	263	133	99	0	2	6	15	99
Archaea	class	Hydrothermarchaeia	51	38	21	0	2	10	14	21
Archaea	class	Syntropharchaeia	138	79	28	0	4	5	13	28
Archaea	class	Altiarchaeia	91	61	13	0	1	4	11	13
Archaea	class	Lokiarchaeia	228	161	40	0	2	3	11	40
Archaea	class	Hadarchaeia	114	65	25	0	1	4	11	25
Archaea	class	Nitrososphaeria_A	484	76	43	0	1	4	11	43
Archaea	class	B1Sed10-29	41	31	11	0	2	8	10	11
Archaea	class	Penumbrarchaeia	53	37	12	0	3	4	10	12
Archaea	class	Heimdallarchaeia	127	83	14	0	3	4	7	14
Archaea	class	EX4484-52	55	42	10	0	1	6	7	10
Archaea	class	SpSt-1190	20	17	8	0	3	4	7	8
Archaea	class	Korarchaeia	99	40	23	0	2	3	6	23
Archaea	class	SW-10-69-26	21	21	6	0	2	4	6	6
Archaea	class	Methanococci	86	40	30	0	1	2	5	30
Archaea	class	CAYQAE01	5	5	4	0	2	2	4	4
Archaea	class	UBA148	22	14	6	0	1	3	4	6
Archaea	class	DTKX01	20	12	4	0	2	2	4	4
Archaea	class	CALKCG01	46	17	8	0	1	3	4	8
Archaea	class	Methanocellia	18	15	8	0	1	1	3	8
Archaea	class	Methanonatronarchaeia	9	7	5	0	1	1	3	5
Archaea	class	EX4484-205	95	26	12	0	1	2	3	12
Archaea	class	Baldrarchaeia	10	5	2	0	1	2	2	2
Archaea	class	Jordiarchaeia	44	11	3	0	1	2	2	3
Archaea	class	Odinarchaeia	11	7	5	0	1	2	2	5
Archaea	class	Bog-38	99	24	5	0	1	1	2	5
Archaea	class	JAWCLZ01	4	4	4	0	1	1	2	4
Archaea	class	JAOZGF01	7	3	2	0	1	1	2	2
Archaea	class	JASEFT01	6	4	2	0	2	2	2	2
Archaea	class	UBA186	4	4	2	0	2	2	2	2
Archaea	class	Hermodarchaeia	27	19	1	0	1	1	1	1
Archaea	class	Wukongarchaeia	5	3	1	0	1	1	1	1
Archaea	class	CAYFZR01	2	2	1	0	1	1	1	1
Archaea	class	B88-G9	1	1	1	0	1	1	1	1
Archaea	class	Methanoliparia	7	5	2	0	1	1	1	2
Archaea	class	Methanopyri	10	6	4	0	1	1	1	4
Archaea	class	JACRDV01	1	1	1	0	1	1	1	1
Archaea	class	CAYNNH01	1	1	1	0	1	1	1	1
Archaea	class	CAZWFW01	1	1	1	0	1	1	1	1
Archaea	class	Undinarchaeia	22	13	1	0	1	1	1	1
Archaea	class	Asgardarchaeia	1	1	0	0	0	0	0	0
Archaea	class	Atabeyarchaeia	4	3	0	0	0	0	0	0
Archaea	class	Njordarchaeia	37	14	0	0	0	0	0	0
Archaea	class	Sifarchaeia	8	6	0	0	0	0	0	0
Archaea	class	Huberarchaeia	11	1	0	0	0	0	0	0
Archaea	class	B47-G6	7	3	0	0	0	0	0	0
Archaea	class	DAOVMN01	2	2	0	0	0	0	0	0
Archaea	class	JAKEGO01	3	3	0	0	0	0	0	0
Archaea	class	JAQUQK01	1	1	0	0	0	0	0	0
Archaea	class	DRAE01	1	1	0	0	0	0	0	0
Archaea	class	QMWL01	1	1	0	0	0	0	0	0
Archaea	class	CAZHTU01	3	3	0	0	0	0	0	0
Bacteria	phylum	Pseudomonadota	324613	46828	32273	5	351	795	4932	32273
Bacteria	phylum	Patescibacteriota	16000	10945	7929	27	238	752	3454	7929
Bacteria	phylum	Bacillota	228026	27167	16863	48	179	550	3257	16863
Bacteria	phylum	Bacteroidota	107378	23901	15468	5	66	354	2462	15468
Bacteria	phylum	Actinomycetota	80926	24968	16115	17	80	287	1993	16115
Bacteria	phylum	Planctomycetota	7556	4995	2625	29	60	142	1186	2625
Bacteria	phylum	Chloroflexota	10423	6831	2951	12	97	250	1062	2951
Bacteria	phylum	Acidobacteriota	10449	7453	4332	19	61	142	985	4332
Bacteria	phylum	Desulfobacterota	8888	4552	2702	40	61	244	918	2702
Bacteria	phylum	Verrucomicrobiota	10795	4825	2572	4	37	221	694	2572
Bacteria	phylum	Cyanobacteriota	8830	3330	2263	3	36	88	526	2263
Bacteria	phylum	Bacillota_I	14528	3799	2187	1	16	43	513	2187
Bacteria	phylum	Myxococcota_A	2374	1658	887	9	34	89	406	887
Bacteria	phylum	Omnitrophota	1392	1030	527	5	41	81	366	527
Bacteria	phylum	Spirochaetota	6259	2013	1113	16	52	104	338	1113
Bacteria	phylum	Gemmatimonadota	3148	2020	1018	3	6	13	267	1018
Bacteria	phylum	Bdellovibrionota	1177	851	560	9	12	37	245	560
Bacteria	phylum	Nitrospirota	2007	1106	697	9	19	46	244	697
Bacteria	phylum	Armatimonadota	1003	638	423	15	23	44	202	423
Bacteria	phylum	Chlamydiota	1289	560	349	1	1	41	189	349
Bacteria	phylum	Myxococcota	745	486	326	11	13	33	129	326
Bacteria	phylum	Campylobacterota	14392	1516	1070	1	1	24	120	1070
Bacteria	phylum	Babelota	315	261	189	1	1	19	112	189
Bacteria	phylum	Elusimicrobiota	1004	534	321	6	17	33	112	321
Bacteria	phylum	Zixibacteria	351	285	198	1	10	19	107	198
Bacteria	phylum	Fidelibacterota	1115	425	190	6	7	30	89	190
Bacteria	phylum	Hydrothermota	535	272	181	7	21	40	89	181
Bacteria	phylum	Vulcanimicrobiota	700	454	247	9	11	17	86	247
Bacteria	phylum	Zhuqueibacterota	270	167	105	3	8	20	69	105
Bacteria	phylum	Krumholzibacteriota	274	208	125	1	6	9	63	125
Bacteria	phylum	Margulisbacteria	229	146	72	5	21	34	62	72
Bacteria	phylum	Synergistota	760	268	176	3	4	13	62	176
Bacteria	phylum	Eisenbacteria	233	206	121	1	9	16	61	121
Bacteria	phylum	Deinococcota	756	367	266	1	1	5	55	266
Bacteria	phylum	Cloacimonadota	592	232	151	1	3	15	54	151
Bacteria	phylum	Fibrobacterota	553	296	172	4	7	18	52	172
Bacteria	phylum	UBA10199	127	93	63	1	9	24	51	63
Bacteria	phylum	Hydrogenedentota	227	135	86	2	3	14	49	86
Bacteria	phylum	Methylomirabilota	364	251	104	1	3	9	45	104
Bacteria	phylum	Bdellovibrionota_C	157	124	73	1	2	31	44	73
Bacteria	phylum	Thermotogota	598	151	117	1	7	10	44	117
Bacteria	phylum	Oederibacteriota	150	99	60	7	8	19	42	60
Bacteria	phylum	Bdellovibrionota_B	167	131	83	1	3	14	40	83
Bacteria	phylum	Calditrichota	110	86	53	1	3	8	39	53
Bacteria	phylum	Electryoneota	93	79	51	6	6	7	38	51
Bacteria	phylum	Bipolaricaulota	305	184	71	1	6	11	37	71
Bacteria	phylum	Sumerlaeota	111	75	43	1	9	14	37	43
Bacteria	phylum	Aquificota	379	178	114	1	2	5	32	114
Bacteria	phylum	Auribacterota	108	79	41	10	12	16	32	41
Bacteria	phylum	Desulfobacterota_D	228	120	94	1	2	9	31	94
Bacteria	phylum	Fusobacteriota	1384	194	142	1	3	7	29	142
Bacteria	phylum	Latescibacterota	320	168	52	7	8	10	27	52
Bacteria	phylum	Muiribacteriota	115	87	44	7	8	8	25	44
Bacteria	phylum	SAR324	442	88	35	1	2	4	25	35
Bacteria	phylum	Sysuimicrobiota	207	94	54	1	1	5	24	54
Bacteria	phylum	Caldisericota	221	93	51	2	6	7	23	51
Bacteria	phylum	Nitrospinota	236	120	57	1	5	8	22	57
Bacteria	phylum	Poribacteria	268	176	133	2	5	8	20	133
Bacteria	phylum	Atribacterota	159	86	43	3	3	7	19	43
Bacteria	phylum	Chrysiogenota	644	68	53	2	3	10	19	53
Bacteria	phylum	Nitrospinota_A	41	33	22	1	2	7	19	22
Bacteria	phylum	Hinthialibacterota	60	35	18	1	2	4	15	18
Bacteria	phylum	UBP6	70	39	27	2	2	6	15	27
Bacteria	phylum	UBP14	34	26	18	1	6	6	13	18
Bacteria	phylum	Bdellovibrionota_G	20	17	13	3	3	5	12	13
Bacteria	phylum	Fermentibacterota	118	70	46	1	1	2	12	46
Bacteria	phylum	CLD3	37	20	16	1	2	3	11	16
Bacteria	phylum	Lernaellota	23	17	14	1	3	4	11	14
Bacteria	phylum	Ratteibacteria	109	65	31	1	3	5	11	31
Bacteria	phylum	UBA9089	38	25	18	5	5	6	11	18
Bacteria	phylum	RBG-13-61-14	13	13	12	1	2	5	10	12
Bacteria	phylum	UBA8248	93	51	29	1	2	3	10	29
Bacteria	phylum	4484-113	27	24	13	1	2	3	9	13
Bacteria	phylum	Arandabacterota	22	18	10	1	2	3	9	10
Bacteria	phylum	CG03	37	26	14	3	3	5	9	14
Bacteria	phylum	Campylobacterota_A	67	37	21	1	3	4	9	21
Bacteria	phylum	SZUA-182	20	20	11	1	3	5	9	11
Bacteria	phylum	Abyssobacteria	11	11	9	1	2	2	8	9
Bacteria	phylum	Joyebacterota	49	31	20	1	1	1	8	20
Bacteria	phylum	Aerophobota	41	31	8	1	1	5	7	8
Bacteria	phylum	BMS3Abin14	23	16	10	1	1	1	7	10
Bacteria	phylum	CAIWAD01	21	12	11	1	2	2	7	11
Bacteria	phylum	Orphanbacterota	12	10	8	1	2	2	7	8
Bacteria	phylum	CG2-30-53-67	30	14	11	1	2	2	6	11
Bacteria	phylum	Edwardsbacteria	36	19	15	1	2	2	6	15
Bacteria	phylum	JAMCPX01	39	13	8	1	2	2	6	8
Bacteria	phylum	RBG-13-66-14	30	25	16	2	3	4	6	16
Bacteria	phylum	SZUA-79	142	38	24	1	1	1	6	24
Bacteria	phylum	UBA4055	28	16	11	1	1	1	6	11
Bacteria	phylum	UBA6262	14	12	9	1	2	3	6	9
Bacteria	phylum	ARS69	15	12	7	1	1	1	5	7
Bacteria	phylum	CSSED10-310	16	14	7	2	2	3	5	7
Bacteria	phylum	Coprothermobacterota	34	13	6	2	2	3	5	6
Bacteria	phylum	JAJVIF01	15	14	6	1	3	4	5	6
Bacteria	phylum	NPL-UPA2	14	13	5	2	2	4	5	5
Bacteria	phylum	Thermosulfidibacterota	31	19	11	1	1	3	5	11
Bacteria	phylum	UBP15	20	13	6	1	1	3	5	6
Bacteria	phylum	UBP4	6	5	5	1	2	2	5	5
Bacteria	phylum	AUK180	11	9	6	1	1	1	4	6
Bacteria	phylum	Blakebacterota	12	10	4	1	1	3	4	4
Bacteria	phylum	DYJV01	6	6	5	1	1	2	4	5
Bacteria	phylum	JAGRBM01	6	6	5	1	1	2	4	5
Bacteria	phylum	SM23-81	7	7	6	2	2	2	4	6
Bacteria	phylum	4572-55	3	3	3	1	2	2	3	3
Bacteria	phylum	B130-G9	7	7	4	1	1	1	3	4
Bacteria	phylum	CAIJMQ01	15	9	5	1	2	3	3	5
Bacteria	phylum	CALINM01	6	6	5	1	1	1	3	5
Bacteria	phylum	CAYTYR01	12	9	8	1	2	2	3	8
Bacteria	phylum	Dictyoglomota	32	11	9	1	1	1	3	9
Bacteria	phylum	GCA-001730085	3	3	3	2	2	2	3	3
Bacteria	phylum	J088	5	5	3	2	2	2	3	3
Bacteria	phylum	JACRDZ01	6	6	5	3	3	3	3	5
Bacteria	phylum	JAGOEH01	3	3	3	1	1	2	3	3
Bacteria	phylum	Macinerneyibacteriota	19	10	6	1	1	2	3	6
Bacteria	phylum	Moduliflexota	9	9	4	1	1	2	3	4
Bacteria	phylum	RUG730	8	7	3	1	1	2	3	3
Bacteria	phylum	Schekmanbacteria	9	5	4	1	1	2	3	4
Bacteria	phylum	T1Sed10-126	12	12	3	1	1	1	3	3
Bacteria	phylum	UBA8481	7	5	3	1	1	2	3	3
Bacteria	phylum	Bdellovibrionota_F	5	4	2	1	1	2	2	2
Bacteria	phylum	DAOPZR01	3	2	2	1	1	1	2	2
Bacteria	phylum	DRYD01	20	11	2	1	1	1	2	2
Bacteria	phylum	DUMJ01	19	7	7	1	1	1	2	7
Bacteria	phylum	GCA-2686955	5	5	2	1	2	2	2	2
Bacteria	phylum	JAAXHH01	59	33	25	1	1	2	2	25
Bacteria	phylum	JADFOP01	16	3	2	1	2	2	2	2
Bacteria	phylum	JADJOY01	7	6	3	1	1	1	2	3
Bacteria	phylum	JAFGKV01	3	3	2	1	1	1	2	2
Bacteria	phylum	JAGOBX01	9	4	2	1	2	2	2	2
Bacteria	phylum	JAUVQV01	6	6	3	1	1	2	2	3
Bacteria	phylum	JAUYMQ01	3	3	2	1	1	1	2	2
Bacteria	phylum	SDB-A	7	6	5	1	1	1	2	5
Bacteria	phylum	SM23-31	18	12	3	1	2	2	2	3
Bacteria	phylum	Tectomicrobia	21	17	6	1	1	1	2	6
Bacteria	phylum	CAYJRR01	1	1	1	1	1	1	1	1
Bacteria	phylum	CAYMEV01	2	2	2	1	1	1	1	2
Bacteria	phylum	CAYUVA01	1	1	1	1	1	1	1	1
Bacteria	phylum	CAZDME01	3	3	1	1	1	1	1	1
Bacteria	phylum	CAZSTA01	1	1	1	1	1	1	1	1
Bacteria	phylum	CAZTWC01	1	1	1	1	1	1	1	1
Bacteria	phylum	CBDUZB01	8	4	2	1	1	1	1	2
Bacteria	phylum	DASVDK01	2	2	2	1	1	1	1	2
Bacteria	phylum	Desantisbacteria	9	2	1	1	1	1	1	1
Bacteria	phylum	JACPQY01	2	2	1	1	1	1	1	1
Bacteria	phylum	JACPSX01	2	2	1	1	1	1	1	1
Bacteria	phylum	JAEEML01	1	1	1	1	1	1	1	1
Bacteria	phylum	JAFGND01	1	1	1	1	1	1	1	1
Bacteria	phylum	JAHJDO01	10	9	5	1	1	1	1	5
Bacteria	phylum	JAJRZV01	1	1	1	1	1	1	1	1
Bacteria	phylum	JALSQH01	2	2	1	1	1	1	1	1
Bacteria	phylum	JBDRGX01	1	1	1	1	1	1	1	1
Bacteria	phylum	JBFMHD01	1	1	1	1	1	1	1	1
Bacteria	phylum	JBHIER01	2	2	1	1	1	1	1	1
Bacteria	phylum	Lindowbacteria	5	4	1	1	1	1	1	1
Bacteria	phylum	Myxococcota_C	11	6	1	1	1	1	1	1
Bacteria	phylum	Thermodesulfobiota	9	4	4	1	1	1	1	4
Bacteria	phylum	UBA2233	3	2	2	1	1	1	1	2
Bacteria	phylum	UBP13	11	3	2	1	1	1	1	2
Bacteria	phylum	UBP18	8	6	1	1	1	1	1	1
Bacteria	phylum	UBP7	13	8	1	1	1	1	1	1
Bacteria	phylum	2-12-FULL-45-22	2	2	0	0	0	0	0	0
Bacteria	phylum	BS750m-G25	1	1	0	0	0	0	0	0
Bacteria	phylum	CAYJOG01	1	1	0	0	0	0	0	0
Bacteria	phylum	CAYSBA01	1	1	0	0	0	0	0	0
Bacteria	phylum	Calescibacteriota	12	7	0	0	0	0	0	0
Bacteria	phylum	JACPUC01	1	1	0	0	0	0	0	0
Bacteria	phylum	JACQOV01	1	1	0	0	0	0	0	0
Bacteria	phylum	JAMORN01	1	1	0	0	0	0	0	0
Bacteria	phylum	JAMOTN01	1	1	0	0	0	0	0	0
Bacteria	phylum	JAUXIQ01	2	2	0	0	0	0	0	0
Bacteria	phylum	JBBIVP01	1	1	0	0	0	0	0	0
Bacteria	phylum	LJUI01	3	1	0	0	0	0	0	0
Bacteria	class	Gammaproteobacteria	273004	25165	17794	0	191	418	2550	17794
Bacteria	class	Alphaproteobacteria	51346	21473	14380	0	157	364	2343	14380
Bacteria	class	Clostridia	107138	20027	11044	0	35	209	2048	11044
Bacteria	class	Bacteroidia	103615	21942	14073	0	48	280	1980	14073
Bacteria	class	Minisyncoccia	6264	4322	3221	0	43	284	1198	3221
Bacteria	class	Actinomycetes	60544	14793	11364	0	37	91	895	11364
Bacteria	class	Patescibacteriia	2119	1457	1144	0	68	150	592	1144
Bacteria	class	Microgenomatia	2048	1411	1005	0	32	74	564	1005
Bacteria	class	Bacilli	112556	4864	4291	0	24	117	552	4291
Bacteria	class	Phycisphaerae	2786	1899	1082	0	10	30	543	1082
Bacteria	class	Bacilli_A	14528	3799	2187	0	16	43	513	2187
Bacteria	class	Verrucomicrobiia	8872	3767	2090	0	11	145	497	2090
Bacteria	class	Acidimicrobiia	7655	3543	1625	0	6	102	484	1625
Bacteria	class	Anaerolineae	4148	2674	1308	0	42	77	438	1308
Bacteria	class	Planctomycetia	3322	2132	1190	0	7	36	405	1190
Bacteria	class	Saccharimonadia	3105	1977	1353	0	7	81	397	1353
Bacteria	class	Dehalococcoidia	3184	2027	929	0	30	122	381	929
Bacteria	class	Cyanobacteriia	6343	2402	1654	0	27	64	374	1654
Bacteria	class	Ignavibacteria	2067	1243	908	0	13	39	333	908
Bacteria	class	Terriglobia	5814	4081	2329	0	9	16	332	2329
Bacteria	class	Gorgyraeia	1243	922	472	0	37	71	327	472
Bacteria	class	Gracilibacteria	1206	897	608	0	19	41	310	608
Bacteria	class	Gemmatimonadetes	3129	2001	1004	0	4	10	255	1004
Bacteria	class	Spirochaetia	4119	1536	764	0	33	56	206	764
Bacteria	class	Thermoleophilia	4299	3637	1332	0	6	13	201	1332
Bacteria	class	Polyangia	1413	1017	551	0	10	36	200	551
Bacteria	class	Chlamydiia	1289	560	349	0	1	41	189	349
Bacteria	class	Coriobacteriia	7271	2095	1366	0	3	34	187	1366
Bacteria	class	Vicinamibacteria	1144	885	505	0	3	23	182	505
Bacteria	class	Desulfobacteria	1331	812	434	0	1	68	153	434
Bacteria	class	Thermoanaerobaculia	962	727	451	0	6	22	150	451
Bacteria	class	Vampirovibrionia	2433	881	586	0	7	18	137	586
Bacteria	class	Thermodesulfovibrionia	647	390	264	0	4	22	137	264
Bacteria	class	Rhodothermia	1097	570	375	0	3	30	136	375
Bacteria	class	Kiritimatiellia	1192	704	315	0	20	53	124	315
Bacteria	class	Campylobacteria	14392	1516	1070	0	1	24	120	1070
Bacteria	class	Babeliae	315	261	189	0	1	19	112	189
Bacteria	class	Negativicutes	4825	738	459	0	19	29	108	459
Bacteria	class	Binatia	739	500	285	0	8	19	108	285
Bacteria	class	MSB-5A5	351	285	198	0	10	19	107	198
Bacteria	class	Blastocatellia	1126	909	567	0	6	9	97	567
Bacteria	class	Bdellovibrionia	516	390	279	0	2	14	97	279
Bacteria	class	UBA1384	220	162	116	0	22	36	97	116
Bacteria	class	Desulfovibrionia	2463	621	413	0	1	7	89	413
Bacteria	class	Sulfobacillia	500	210	147	0	28	45	86	147
Bacteria	class	Desulfuromonadia	727	472	318	0	2	27	86	318
Bacteria	class	Chloroflexia	657	435	235	0	7	15	85	235
Bacteria	class	Aminicenantia	507	339	166	0	6	14	74	166
Bacteria	class	Myxococcia	591	368	249	0	2	10	74	249
Bacteria	class	Dojkabacteria	331	221	135	0	11	21	74	135
Bacteria	class	Nitrospiria	1025	583	372	0	8	17	73	372
Bacteria	class	Elusimicrobia	787	394	241	0	8	13	72	241
Bacteria	class	Lentisphaeria	725	352	165	0	4	21	71	165
Bacteria	class	UBA1135	487	339	104	0	1	9	69	104
Bacteria	class	Desulfobulbia	709	461	271	0	1	15	68	271
Bacteria	class	WWE3	238	134	90	0	11	16	67	90
Bacteria	class	Fimbriimonadia	397	228	170	0	1	5	64	170
Bacteria	class	Vulcanimicrobiia	569	385	208	0	2	3	64	208
Bacteria	class	Krumholzibacteriia	274	208	125	0	6	9	63	125
Bacteria	class	RBG-16-71-46	233	206	121	0	9	16	61	121
Bacteria	class	UBA9160	316	225	118	0	2	10	61	118
Bacteria	class	Syntrophia	752	339	204	0	1	20	60	204
Bacteria	class	Bacteriovoracia	372	238	146	0	1	2	59	146
Bacteria	class	Marinisomatia	871	307	132	0	2	20	59	132
Bacteria	class	Synergistia	750	262	171	0	2	11	58	171
Bacteria	class	DSM-4660	304	209	93	0	1	6	57	93
Bacteria	class	Doudnabacteria	188	146	118	0	1	6	57	118
Bacteria	class	Desulfotomaculia	273	162	118	0	1	16	56	118
Bacteria	class	Deinococci	756	367	266	0	1	5	55	266
Bacteria	class	Cloacimonadia	592	232	151	0	3	15	54	151
Bacteria	class	Limnocylindria	1283	949	238	0	3	5	53	238
Bacteria	class	UBA796	251	182	82	0	3	11	52	82
Bacteria	class	UBA10199	127	93	63	0	9	24	51	63
Bacteria	class	UBA1018	169	127	75	0	2	13	49	75
Bacteria	class	Zhuqueibacteria	216	125	79	0	6	11	49	79
Bacteria	class	Limnochordia	275	95	70	0	6	15	47	70
Bacteria	class	Dormibacteria	602	374	118	0	4	5	47	118
Bacteria	class	Hydrogenedentia	225	133	84	0	1	12	47	84
Bacteria	class	Polarisedimenticolia	173	119	63	0	8	15	46	63
Bacteria	class	UBA4738	335	294	109	0	1	6	46	109
Bacteria	class	Dethiobacteria	264	149	94	0	4	6	45	94
Bacteria	class	Methylomirabilia	364	251	104	0	3	9	45	104
Bacteria	class	UBA2361	157	124	73	0	2	31	44	73
Bacteria	class	Thermotogae	598	151	117	0	7	10	44	117
Bacteria	class	GWC2-55-46	136	96	63	0	4	12	43	63
Bacteria	class	UBA9042	212	107	68	0	10	17	43	68
Bacteria	class	CADDZG01	125	113	61	0	2	4	42	61
Bacteria	class	Tepidihabitantia	231	132	89	0	5	14	42	89
Bacteria	class	Bradymonadia	166	113	58	0	5	8	41	58
Bacteria	class	UBA6911	197	137	88	0	6	21	40	88
Bacteria	class	Oligoflexia	167	131	83	0	3	14	40	83
Bacteria	class	Calditrichia	110	86	53	0	3	8	39	53
Bacteria	class	Leptospiria	1349	191	160	0	2	8	39	160
Bacteria	class	UBA4802	254	122	78	0	1	7	39	78
Bacteria	class	Bipolaricaulia	305	184	71	0	6	11	37	71
Bacteria	class	Sumerlaeia	109	73	43	0	9	14	37	43
Bacteria	class	Brocadiia	283	132	75	0	4	8	36	75
Bacteria	class	Nitriliruptoria	227	143	61	0	2	5	35	61
Bacteria	class	Omnitrophia	140	99	51	0	1	7	35	51
Bacteria	class	Halanaerobiia	183	102	69	0	4	12	34	69
Bacteria	class	Aquificia	379	178	114	0	2	5	32	114
Bacteria	class	Chthonomonadetes	117	68	45	0	1	3	31	45
Bacteria	class	Peptococcia	296	88	60	0	2	12	31	60
Bacteria	class	Syntrophomonadia	241	125	77	0	1	4	31	77
Bacteria	class	Desulfomonilia	275	122	70	0	2	2	31	70
Bacteria	class	UBA1144	228	120	94	0	2	9	31	94
Bacteria	class	WOR-1	100	65	37	0	7	11	31	37
Bacteria	class	Endomicrobiia	194	122	67	0	4	13	29	67
Bacteria	class	Fusobacteriia	1384	194	142	0	3	7	29	142
Bacteria	class	Desulfitobacteriia	188	112	73	0	2	4	27	73
Bacteria	class	Chitinivibrionia	98	81	48	0	1	7	27	48
Bacteria	class	UBA5829	64	53	38	0	3	5	26	38
Bacteria	class	SAR324	442	88	35	0	2	4	25	35
Bacteria	class	Holophagae	365	157	94	0	3	3	24	94
Bacteria	class	Syntrophobacteria	251	122	67	0	3	5	24	67
Bacteria	class	Zetaproteobacteria	174	133	64	0	1	2	24	64
Bacteria	class	Sysuimicrobiia	207	94	54	0	1	5	24	54
Bacteria	class	Dehalobacteriia	267	74	52	0	3	7	23	52
Bacteria	class	Syntrophorhabdia	195	96	68	0	1	4	23	68
Bacteria	class	Aquicultoria	65	48	31	0	10	13	22	31
Bacteria	class	Zipacnadia	117	79	41	0	3	11	22	41
Bacteria	class	Nitrospinia	236	120	57	0	5	8	22	57
Bacteria	class	Geothermincolia	76	51	33	0	2	6	21	33
Bacteria	class	Desulfarculia	128	95	49	0	4	8	21	49
Bacteria	class	Dissulfuribacteria	113	69	51	0	1	10	21	51
Bacteria	class	Fibrobacteria	439	208	120	0	3	7	21	120
Bacteria	class	Caldisericia	206	84	48	0	5	6	20	48
Bacteria	class	Andersenbacteria	54	42	38	0	2	3	20	38
Bacteria	class	UBA7883	40	32	22	0	2	7	19	22
Bacteria	class	WGA-4E	265	173	132	0	4	7	19	132
Bacteria	class	UBA4882	112	58	40	0	5	6	18	40
Bacteria	class	Ktedonobacteria	201	169	31	0	1	4	18	31
Bacteria	class	Deferrimicrobia	136	78	57	0	2	2	18	57
Bacteria	class	Marinamargulisbacteria	91	55	18	0	9	15	18	18
Bacteria	class	Armatimonadia	79	71	45	0	1	2	17	45
Bacteria	class	Desulfobaccia	126	83	58	0	1	2	17	58
Bacteria	class	Hydrothermia	185	64	44	0	6	11	17	44
Bacteria	class	CPR2	49	32	22	0	2	6	17	22
Bacteria	class	Deferribacteres	640	65	50	0	2	9	16	50
Bacteria	class	WTBG01	54	42	21	0	3	4	16	21
Bacteria	class	UBA2242	95	42	23	0	1	4	16	23
Bacteria	class	MHYJ01	60	56	17	0	3	9	16	17
Bacteria	class	QNDG01	32	31	20	0	1	7	16	20
Bacteria	class	Humimicrobiia	117	87	48	0	3	3	15	48
Bacteria	class	Rubrobacteria	138	104	49	0	1	1	15	49
Bacteria	class	UBA6077	88	66	15	0	2	10	15	15
Bacteria	class	Sericytochromatia	54	47	23	0	2	6	15	23
Bacteria	class	Hinthialibacteria	60	35	18	0	2	4	15	18
Bacteria	class	UBA2968	263	132	34	0	2	3	15	34
Bacteria	class	UBA727	47	38	24	0	1	5	15	24
Bacteria	class	UBA8108	164	59	31	0	2	5	15	31
Bacteria	class	Thermosediminibacteria	92	34	23	0	2	4	14	23
Bacteria	class	UBA9217	80	64	32	0	1	1	14	32
Bacteria	class	B15-G4	45	42	19	0	1	4	14	19
Bacteria	class	PLA2	47	40	17	0	1	2	14	17
Bacteria	class	Magnetococcia	86	56	34	0	1	10	14	34
Bacteria	class	Brevinematia	54	43	30	0	2	7	14	30
Bacteria	class	Hebobacteria	41	31	15	0	4	4	13	15
Bacteria	class	UBA11872	205	98	64	0	4	6	13	64
Bacteria	class	UBA6098	34	26	18	0	6	6	13	18
Bacteria	class	UBA1177	67	36	25	0	1	5	13	25
Bacteria	class	DSM-521	65	28	25	0	1	3	12	25
Bacteria	class	UBA994	39	27	23	0	3	3	12	23
Bacteria	class	FAC87	53	38	28	0	1	2	12	28
Bacteria	class	BSN033	83	68	32	0	2	3	12	32
Bacteria	class	Fermentibacteria	118	70	46	0	1	2	12	46
Bacteria	class	Ozemobacteria	70	51	27	0	1	1	12	27
Bacteria	class	SZUA-567	72	62	18	0	3	3	12	18
Bacteria	class	CLD3	37	20	16	0	2	3	11	16
Bacteria	class	Lernaellaia	23	17	14	0	3	4	11	14
Bacteria	class	XYA12-FULL-58-9	29	22	13	0	1	8	11	13
Bacteria	class	Muellerivitia	35	32	18	0	1	2	11	18
Bacteria	class	PGYV01	33	24	17	0	1	7	11	17
Bacteria	class	UBA8468	109	65	31	0	3	5	11	31
Bacteria	class	AC-67	24	21	11	0	1	1	10	11
Bacteria	class	Chlorobiia	591	140	107	0	1	4	10	107
Bacteria	class	JALEGL01	18	15	11	0	1	3	10	11
Bacteria	class	AABM5-125-24	18	16	10	0	1	1	10	10
Bacteria	class	UBA3072	40	26	16	0	2	3	10	16
Bacteria	class	Kuafuiibacteriia	26	20	14	0	1	1	10	14
Bacteria	class	4484-211	15	13	10	0	1	3	10	10
Bacteria	class	PUPC01	31	25	10	0	4	4	10	10
Bacteria	class	RBG-13-61-14	13	13	12	0	2	5	10	12
Bacteria	class	UBA8248	93	51	29	0	2	3	10	29
Bacteria	class	4484-113	27	24	13	0	2	3	9	13
Bacteria	class	Arandabacteria	22	18	10	0	2	3	9	10
Bacteria	class	Atribacteria	70	32	19	0	1	4	9	19
Bacteria	class	Phoenicimicrobiia	87	52	23	0	1	2	9	23
Bacteria	class	Thermoanaerobacteria	150	40	37	0	2	4	9	37
Bacteria	class	UBA2394	15	14	10	0	1	1	9	10
Bacteria	class	Desulfurellia	67	37	21	0	3	4	9	21
Bacteria	class	Deferrisomatia	24	21	13	0	1	3	9	13
Bacteria	class	Thermodesulfobacteria	121	63	39	0	1	3	9	39
Bacteria	class	B64-G9	22	18	12	0	1	1	9	12
Bacteria	class	JABMPQ01	16	16	11	0	1	8	9	11
Bacteria	class	GCA-002687715	32	23	13	0	1	4	9	13
Bacteria	class	SZUA-182	20	20	11	0	3	5	9	11
Bacteria	class	Xenobia	78	44	24	0	2	4	9	24
Bacteria	class	SURF-5	11	11	9	0	2	2	8	9
Bacteria	class	UBA4820	51	30	23	0	1	2	8	23
Bacteria	class	Proteinivoracia	54	16	13	0	2	4	8	13
Bacteria	class	UBA2428	22	20	10	0	1	1	8	10
Bacteria	class	B3-LCP	10	9	8	0	1	1	8	8
Bacteria	class	Electryoneia	18	16	12	0	1	1	8	12
Bacteria	class	RPQS01	40	31	16	0	1	2	8	16
Bacteria	class	UBA3073	28	22	12	0	3	6	8	12
Bacteria	class	Joyebacteria	49	31	20	0	1	1	8	20
Bacteria	class	Riflemargulisbacteria	25	13	10	0	2	4	8	10
Bacteria	class	JAAXVQ01	18	15	12	0	1	2	8	12
Bacteria	class	GWE2-31-10	44	20	10	0	1	4	8	10
Bacteria	class	HRBIN11	14	13	9	0	3	3	7	9
Bacteria	class	UBA890	42	26	12	0	1	2	7	12
Bacteria	class	CALGFH01	30	22	11	0	2	2	7	11
Bacteria	class	JAICYB01	11	10	7	0	1	1	7	7
Bacteria	class	Aerophobia	41	31	8	0	1	5	7	8
Bacteria	class	Abditibacteriia	47	32	18	0	1	2	7	18
Bacteria	class	JABMQX01	10	10	7	0	2	2	7	7
Bacteria	class	BMS3Abin14	23	16	10	0	1	1	7	10
Bacteria	class	DSM-12270	72	30	15	0	1	1	7	15
Bacteria	class	DTU025	73	21	12	0	1	4	7	12
Bacteria	class	DTU030	48	16	13	0	2	3	7	13
Bacteria	class	Thermincolia	20	14	10	0	1	3	7	10
Bacteria	class	JACOXK01	17	12	8	0	2	2	7	8
Bacteria	class	CAIWAD01	21	12	11	0	2	2	7	11
Bacteria	class	UBA5177	30	21	8	0	1	2	7	8
Bacteria	class	B13-G15	26	22	13	0	1	2	7	13
Bacteria	class	Orphanbacteria	12	10	8	0	2	2	7	8
Bacteria	class	Kazan-3B-28	35	26	14	0	1	2	7	14
Bacteria	class	JAJSAM01	18	17	8	0	1	3	7	8
Bacteria	class	B62-G9	23	20	9	0	1	2	7	9
Bacteria	class	TC1	18	15	12	0	1	3	6	12
Bacteria	class	UBA5301	13	11	8	0	4	4	6	8
Bacteria	class	CG2-30-53-67	30	14	11	0	2	2	6	11
Bacteria	class	AC1	35	18	15	0	2	2	6	15
Bacteria	class	UBA8919	16	12	8	0	1	2	6	8
Bacteria	class	CAZMKB01	6	6	6	0	1	2	6	6
Bacteria	class	Glassbacteria	13	13	8	0	1	1	6	8
Bacteria	class	32-111	35	19	14	0	2	2	6	14
Bacteria	class	JAMCPX01	39	13	8	0	2	2	6	8
Bacteria	class	SURF-8	12	10	7	0	1	4	6	7
Bacteria	class	JACRHL01	7	7	6	0	1	1	6	6
Bacteria	class	JACPGU01	8	7	6	0	2	2	6	6
Bacteria	class	UBA11346	57	48	7	0	1	1	6	7
Bacteria	class	UBA8742	48	30	9	0	2	3	6	9
Bacteria	class	SZUA-79	142	38	24	0	1	1	6	24
Bacteria	class	JAHITG01	7	7	6	0	2	4	6	6
Bacteria	class	UBA4055	28	16	11	0	1	1	6	11
Bacteria	class	WVXT01	14	12	9	0	2	3	6	9
Bacteria	class	ARS69	15	12	7	0	1	1	5	7
Bacteria	class	JAAYUB01	27	10	9	0	1	2	5	9
Bacteria	class	Erginobacteria	20	14	8	0	1	4	5	8
Bacteria	class	Tritonobacteria	18	9	7	0	2	2	5	7
Bacteria	class	SHA-98	88	22	17	0	2	3	5	17
Bacteria	class	SLGR01	18	14	6	0	1	3	5	6
Bacteria	class	Anaeroferrophillalia	31	27	15	0	1	2	5	15
Bacteria	class	Desulfofervidia	14	7	6	0	1	2	5	6
Bacteria	class	UBA8477	72	30	13	0	1	2	5	13
Bacteria	class	JAJVIF01	15	14	6	0	3	4	5	6
Bacteria	class	Latescibacteria	13	13	8	0	1	1	5	8
Bacteria	class	D2-FULL-39-29	47	13	6	0	2	4	5	6
Bacteria	class	CPR2_A	11	5	5	0	2	4	5	5
Bacteria	class	JAUYIX01	9	9	6	0	3	3	5	6
Bacteria	class	DG-23	12	12	5	0	5	5	5	5
Bacteria	class	Brachyspiria	358	40	36	0	1	2	5	36
Bacteria	class	Thermosulfidibacteria	31	19	11	0	1	3	5	11
Bacteria	class	CG2-30-40-21	19	12	10	0	1	2	5	10
Bacteria	class	UBA6099	20	13	6	0	1	3	5	6
Bacteria	class	UBA4092	6	5	5	0	2	2	5	5
Bacteria	class	AUK180	11	9	6	0	1	1	4	6
Bacteria	class	JAHEXW01	6	5	5	0	1	3	4	5
Bacteria	class	DTGP01	8	8	5	0	2	4	4	5
Bacteria	class	SYMT01	8	8	5	0	1	1	4	5
Bacteria	class	UBA10988	8	7	4	0	1	1	4	4
Bacteria	class	Auribacteria	11	7	5	0	1	1	4	5
Bacteria	class	Ch66	7	7	5	0	1	2	4	5
Bacteria	class	DULZ01	7	6	4	0	1	1	4	4
Bacteria	class	JAAYKD01	11	10	5	0	1	2	4	5
Bacteria	class	JADQBR01	5	4	4	0	1	1	4	4
Bacteria	class	Natranaerobiia	7	6	5	0	1	2	4	5
Bacteria	class	Blakebacteria	12	10	4	0	1	3	4	4
Bacteria	class	CSSED10-310	12	10	6	0	1	2	4	6
Bacteria	class	DYJV01	6	6	5	0	1	2	4	5
Bacteria	class	Desulfocorpusculales	8	7	6	0	1	1	4	6
Bacteria	class	JADFVX01	6	5	4	0	1	1	4	4
Bacteria	class	SM23-61	21	17	6	0	1	1	4	6
Bacteria	class	Zymogenia	10	10	6	0	1	1	4	6
Bacteria	class	Fidelibacteria	58	35	16	0	1	2	4	16
Bacteria	class	JAGRBM01	6	6	5	0	1	2	4	5
Bacteria	class	Termititenacia	11	11	6	0	2	3	4	6
Bacteria	class	UBA6191	18	18	4	0	2	2	4	4
Bacteria	class	JACRHJ01	16	12	6	0	1	1	4	6
Bacteria	class	Leptospirillia	198	28	7	0	1	1	4	7
Bacteria	class	JAJYGY01	7	7	4	0	1	2	4	4
Bacteria	class	CALEFQ01	6	6	5	0	1	2	4	5
Bacteria	class	CADAWZ01	10	7	5	0	1	2	4	5
Bacteria	class	JAJTBE01	6	4	4	0	1	3	4	4
Bacteria	class	JdFR-76	22	11	6	0	1	2	4	6
Bacteria	class	4572-55	3	3	3	0	2	2	3	3
Bacteria	class	B3-B38	6	5	3	0	1	3	3	3
Bacteria	class	CAIWXX01	6	3	3	0	1	1	3	3
Bacteria	class	Fervidibacteria	75	25	15	0	1	2	3	15
Bacteria	class	HRBIN16	26	18	15	0	1	1	3	15
Bacteria	class	JACPWU01	7	5	3	0	1	1	3	3
Bacteria	class	JAFGBW01	5	4	3	0	1	2	3	3
Bacteria	class	B130-G9	7	7	4	0	1	1	3	4
Bacteria	class	DTU065	31	6	4	0	1	1	3	4
Bacteria	class	DTU086	7	4	4	0	1	1	3	4
Bacteria	class	DUOV01	4	3	3	0	1	1	3	3
Bacteria	class	Desulfitisporia	3	3	3	0	1	2	3	3
Bacteria	class	SLNR01	6	6	4	0	1	2	3	4
Bacteria	class	JABWAT01	7	5	5	0	1	1	3	5
Bacteria	class	JAFGOL01	10	9	3	0	1	1	3	3
Bacteria	class	CAIJMQ01	15	9	5	0	2	3	3	5
Bacteria	class	CALINM01	6	6	5	0	1	1	3	5
Bacteria	class	UBA6262	12	9	8	0	2	2	3	8
Bacteria	class	CG03	18	11	7	0	1	1	3	7
Bacteria	class	JANLFM01	15	9	3	0	1	1	3	3
Bacteria	class	Chrysiogenetes	4	3	3	0	1	1	3	3
Bacteria	class	Coprothermobacteria	26	9	4	0	1	2	3	4
Bacteria	class	Dictyoglomia	32	11	9	0	1	1	3	9
Bacteria	class	JAOADG01	4	4	4	0	1	1	3	4
Bacteria	class	OXYB2-FULL-49-7	15	6	3	0	2	3	3	3
Bacteria	class	SORT01	12	6	4	0	1	1	3	4
Bacteria	class	DG-26	5	3	3	0	2	3	3	3
Bacteria	class	E44-bin80	11	6	3	0	1	1	3	3
Bacteria	class	JAGOEH01	3	3	3	0	1	2	3	3
Bacteria	class	MWCZ01	20	6	4	0	1	2	3	4
Bacteria	class	Macinerneyibacteria	19	10	6	0	1	2	3	6
Bacteria	class	Moduliflexia	9	9	4	0	1	2	3	4
Bacteria	class	UBA9980	14	9	7	0	1	1	3	7
Bacteria	class	JACRCW01	4	4	3	0	2	2	3	3
Bacteria	class	NPL-UPA2	9	8	3	0	1	3	3	3
Bacteria	class	9FT-COMBO-42-15	16	11	5	0	1	1	3	5
Bacteria	class	CAZHWT01	3	3	3	0	1	1	3	3
Bacteria	class	JAHJAL01	9	6	4	0	1	1	3	4
Bacteria	class	SKW154	6	6	3	0	1	2	3	3
Bacteria	class	B26-G2	20	15	9	0	2	3	3	9
Bacteria	class	RBG-13-66-14	10	10	7	0	1	1	3	7
Bacteria	class	RUG730	8	7	3	0	1	2	3	3
Bacteria	class	SM23-81	4	4	3	0	1	1	3	3
Bacteria	class	GWA2-38-11	9	5	4	0	1	2	3	4
Bacteria	class	UBA6919	6	5	3	0	2	3	3	3
Bacteria	class	GBS-1	8	4	4	0	1	1	3	4
Bacteria	class	T1Sed10-126	12	12	3	0	1	1	3	3
Bacteria	class	UBA8481	7	5	3	0	1	2	3	3
Bacteria	class	DATKUA01	5	4	3	0	1	1	2	3
Bacteria	class	G020349885	2	2	2	0	2	2	2	2
Bacteria	class	JACIXR01	7	5	5	0	1	1	2	5
Bacteria	class	UBA6266	8	6	3	0	1	1	2	3
Bacteria	class	DSM-16504	6	5	3	0	1	1	2	3
Bacteria	class	DTU014	29	2	2	0	1	1	2	2
Bacteria	class	GCA-003054495	15	5	2	0	1	2	2	2
Bacteria	class	JAHFAK01	5	4	2	0	1	2	2	2
Bacteria	class	DTOL01	7	5	2	0	1	2	2	2
Bacteria	class	JAJPGV01	7	5	2	0	1	1	2	2
Bacteria	class	HKB111	8	4	2	0	1	1	2	2
Bacteria	class	DAOPZR01	3	2	2	0	1	1	2	2
Bacteria	class	DRYD01	20	11	2	0	1	1	2	2
Bacteria	class	DUMJ01	19	7	7	0	1	1	2	7
Bacteria	class	JAENJC01	5	4	2	0	1	1	2	2
Bacteria	class	JAJRXV01	2	2	2	0	1	1	2	2
Bacteria	class	QYQD01	13	9	7	0	1	1	2	7
Bacteria	class	RBG-13-43-22	22	21	6	0	1	1	2	6
Bacteria	class	S145-22	10	9	5	0	1	1	2	5
Bacteria	class	UBA8473	19	13	6	0	1	1	2	6
Bacteria	class	JBDRMW01	2	2	2	0	1	2	2	2
Bacteria	class	UBA5214	4	3	2	0	2	2	2	2
Bacteria	class	JAANXI01	6	4	2	0	1	1	2	2
Bacteria	class	GCA-001730085	2	2	2	0	1	1	2	2
Bacteria	class	GCA-2686955	5	5	2	0	2	2	2	2
Bacteria	class	CAZGCA01	2	2	2	0	2	2	2	2
Bacteria	class	JAWLBW01	2	2	2	0	1	1	2	2
Bacteria	class	JAAXHH01	59	33	25	0	1	2	2	25
Bacteria	class	JADFOP01	16	3	2	0	2	2	2	2
Bacteria	class	JADJOY01	7	6	3	0	1	1	2	3
Bacteria	class	JAFGKV01	3	3	2	0	1	1	2	2
Bacteria	class	JAGOBX01	9	4	2	0	2	2	2	2
Bacteria	class	JAUVQV01	6	6	3	0	1	2	2	3
Bacteria	class	JAUYMQ01	3	3	2	0	1	1	2	2
Bacteria	class	JAQTZZ01	2	2	2	0	1	1	2	2
Bacteria	class	Muiribacteriia	8	4	2	0	1	1	2	2
Bacteria	class	SpSt-1050	7	5	4	0	1	2	2	4
Bacteria	class	UBA4151	14	6	4	0	1	1	2	4
Bacteria	class	JAUVJM01	3	3	2	0	1	1	2	2
Bacteria	class	CAKKRA01	12	6	3	0	1	1	2	3
Bacteria	class	CAKKQC01	6	5	2	0	1	1	2	2
Bacteria	class	4484-213	5	5	2	0	1	1	2	2
Bacteria	class	JAQUNI01	4	4	4	0	1	1	2	4
Bacteria	class	SICC01	12	9	6	0	1	2	2	6
Bacteria	class	J058	18	18	2	0	1	1	2	2
Bacteria	class	JACOTG01	5	4	2	0	1	2	2	2
Bacteria	class	JAFGQW01	3	3	2	0	1	1	2	2
Bacteria	class	SDB-A	7	6	5	0	1	1	2	5
Bacteria	class	SM23-31	18	12	3	0	2	2	2	3
Bacteria	class	GWB1-36-13	6	2	2	0	1	2	2	2
Bacteria	class	JAAYUW01	16	8	6	0	1	2	2	6
Bacteria	class	JAGLSM01	7	4	3	0	1	2	2	3
Bacteria	class	UBA12135	11	10	2	0	1	2	2	2
Bacteria	class	Entotheonellia	21	17	6	0	1	1	2	6
Bacteria	class	JAHJRX01	6	2	2	0	1	1	2	2
Bacteria	class	UBA9088	8	7	3	0	1	1	2	3
Bacteria	class	JAFGXH01	3	3	2	0	1	1	2	2
Bacteria	class	CALLYA01	6	2	2	0	2	2	2	2
Bacteria	class	DASWHO01	1	1	1	0	1	1	1	1
Bacteria	class	JAQAZP01	5	3	3	0	1	1	1	3
Bacteria	class	JBCCFW01	2	2	1	0	1	1	1	1
Bacteria	class	JAUVYG01	1	1	1	0	1	1	1	1
Bacteria	class	JBBINU01	2	1	1	0	1	1	1	1
Bacteria	class	DASRZA01	1	1	1	0	1	1	1	1
Bacteria	class	JAAZEB01	7	3	1	0	1	1	1	1
Bacteria	class	JALVIU01	2	2	1	0	1	1	1	1
Bacteria	class	Ancaeobacteria	5	4	1	0	1	1	1	1
Bacteria	class	JAJCYG01	1	1	1	0	1	1	1	1
Bacteria	class	UBA3054	22	18	3	0	1	1	1	3
Bacteria	class	CAZWXO01	1	1	1	0	1	1	1	1
Bacteria	class	DAOUPZ01	1	1	1	0	1	1	1	1
Bacteria	class	DTU084	12	3	1	0	1	1	1	1
Bacteria	class	DUMD01	1	1	1	0	1	1	1	1
Bacteria	class	JBJDXG01	1	1	1	0	1	1	1	1
Bacteria	class	KKC1	1	1	1	0	1	1	1	1
Bacteria	class	PH28-bin88	7	4	2	0	1	1	1	2
Bacteria	class	UBA1874	1	1	1	0	1	1	1	1
Bacteria	class	UBA5435	2	1	1	0	1	1	1	1
Bacteria	class	Z-2901	5	3	3	0	1	1	1	3
Bacteria	class	JAJCYS01	1	1	1	0	1	1	1	1
Bacteria	class	CAYYBZ01	1	1	1	0	1	1	1	1
Bacteria	class	JANQFH01	1	1	1	0	1	1	1	1
Bacteria	class	CAYJRR01	1	1	1	0	1	1	1	1
Bacteria	class	CAYMEV01	2	2	2	0	1	1	1	2
Bacteria	class	CAYUVA01	1	1	1	0	1	1	1	1
Bacteria	class	JAYEMH01	3	3	1	0	1	1	1	1
Bacteria	class	CAZSTA01	1	1	1	0	1	1	1	1
Bacteria	class	CAZTWC01	1	1	1	0	1	1	1	1
Bacteria	class	JAGLHV01	8	4	2	0	1	1	1	2
Bacteria	class	CAZUQH01	1	1	1	0	1	1	1	1
Bacteria	class	JACPHN01	1	1	1	0	1	1	1	1
Bacteria	class	JAHJIN01	3	2	1	0	1	1	1	1
Bacteria	class	DASVDK01	2	2	2	0	1	1	1	2
Bacteria	class	UBA1551	9	2	1	0	1	1	1	1
Bacteria	class	CAZCTP01	1	1	1	0	1	1	1	1
Bacteria	class	DSWW01	11	9	3	0	1	1	1	3
Bacteria	class	DTXE01	1	1	1	0	1	1	1	1
Bacteria	class	JACPFL01	2	1	1	0	1	1	1	1
Bacteria	class	JAFDIG01	1	1	1	0	1	1	1	1
Bacteria	class	JAPLJL01	3	3	2	0	1	1	1	2
Bacteria	class	JAZFTZ01	1	1	1	0	1	1	1	1
Bacteria	class	JBBIRW01	3	2	2	0	1	1	1	2
Bacteria	class	Tariuqbacteria	3	3	1	0	1	1	1	1
Bacteria	class	JBDRON01	1	1	1	0	1	1	1	1
Bacteria	class	CAYVZU01	1	1	1	0	1	1	1	1
Bacteria	class	JADFSZ01	1	1	1	0	1	1	1	1
Bacteria	class	J088	3	3	1	0	1	1	1	1
Bacteria	class	JACPQY01	2	2	1	0	1	1	1	1
Bacteria	class	JACPSX01	2	2	1	0	1	1	1	1
Bacteria	class	JACRDZ01	2	2	1	0	1	1	1	1
Bacteria	class	JAJRWM01	1	1	1	0	1	1	1	1
Bacteria	class	JAQUKH01	3	3	3	0	1	1	1	3
Bacteria	class	JAEEML01	1	1	1	0	1	1	1	1
Bacteria	class	JAFGND01	1	1	1	0	1	1	1	1
Bacteria	class	JAHJDO01	10	9	5	0	1	1	1	5
Bacteria	class	JAJRZV01	1	1	1	0	1	1	1	1
Bacteria	class	JALSQH01	2	2	1	0	1	1	1	1
Bacteria	class	JBDRGX01	1	1	1	0	1	1	1	1
Bacteria	class	JBFMHD01	1	1	1	0	1	1	1	1
Bacteria	class	G020348925	2	2	1	0	1	1	1	1
Bacteria	class	4484-107	9	6	1	0	1	1	1	1
Bacteria	class	CBDCVA01	2	1	1	0	1	1	1	1
Bacteria	class	CBDEFO01	2	2	2	0	1	1	1	2
Bacteria	class	MVCY01	10	7	2	0	1	1	1	2
Bacteria	class	2-12-FULL-62-27	5	4	1	0	1	1	1	1
Bacteria	class	CAYMKA01	1	1	1	0	1	1	1	1
Bacteria	class	CAYSPT01	2	2	1	0	1	1	1	1
Bacteria	class	DAOVTB01	1	1	1	0	1	1	1	1
Bacteria	class	JACPTQ01	1	1	1	0	1	1	1	1
Bacteria	class	JADLHZ01	2	2	1	0	1	1	1	1
Bacteria	class	JAJVIH01	2	2	1	0	1	1	1	1
Bacteria	class	CAZTSL01	1	1	1	0	1	1	1	1
Bacteria	class	JAADFL01	1	1	1	0	1	1	1	1
Bacteria	class	JAVEVO01	2	2	1	0	1	1	1	1
Bacteria	class	UBA6777	11	6	1	0	1	1	1	1
Bacteria	class	RBG-16-64-22	5	4	2	0	1	1	1	2
Bacteria	class	Oederibacteriia	2	1	1	0	1	1	1	1
Bacteria	class	JACPQZ01	1	1	1	0	1	1	1	1
Bacteria	class	JAUWXU01	3	3	1	0	1	1	1	1
Bacteria	class	CG2-30-54-11	6	5	1	0	1	1	1	1
Bacteria	class	CPR3	9	2	1	0	1	1	1	1
Bacteria	class	DYJS01	2	2	1	0	1	1	1	1
Bacteria	class	JACMRA01	28	27	1	0	1	1	1	1
Bacteria	class	SOKK01	3	2	1	0	1	1	1	1
Bacteria	class	B129-G9	8	6	1	0	1	1	1	1
Bacteria	class	B143-G9	4	4	1	0	1	1	1	1
Bacteria	class	CAZGEP01	1	1	1	0	1	1	1	1
Bacteria	class	E44-bin39	2	1	1	0	1	1	1	1
Bacteria	class	JACQVV01	4	4	1	0	1	1	1	1
Bacteria	class	JADGBV01	2	2	1	0	1	1	1	1
Bacteria	class	JAMOSO01	1	1	1	0	1	1	1	1
Bacteria	class	JAZDJP01	1	1	1	0	1	1	1	1
Bacteria	class	OFTM77	2	2	2	0	1	1	1	2
Bacteria	class	SBBH01	4	4	1	0	1	1	1	1
Bacteria	class	DTPJ01	3	3	1	0	1	1	1	1
Bacteria	class	MNWR01	3	1	1	0	1	1	1	1
Bacteria	class	DAOVCL01	3	3	3	0	1	1	1	3
Bacteria	class	CALGPD01	2	2	2	0	1	1	1	2
Bacteria	class	DYKD01	1	1	1	0	1	1	1	1
Bacteria	class	DYNZ01	2	2	1	0	1	1	1	1
Bacteria	class	JAGHAJ01	2	2	1	0	1	1	1	1
Bacteria	class	Thermodesulfobiia	9	4	4	0	1	1	1	4
Bacteria	class	UBA2233	3	2	2	0	1	1	1	2
Bacteria	class	JASEGY01	2	2	2	0	1	1	1	2
Bacteria	class	JASEIO01	1	1	1	0	1	1	1	1
Bacteria	class	UBA5359	11	3	2	0	1	1	1	2
Bacteria	class	UBA7526	8	6	1	0	1	1	1	1
Bacteria	class	UBA6624	13	8	1	0	1	1	1	1
Bacteria	class	JABDET01	25	3	2	0	1	1	1	2
Bacteria	class	JACPDS01	2	2	1	0	1	1	1	1
Bacteria	class	JACPDT01	1	1	1	0	1	1	1	1
Bacteria	class	JAZDOK01	1	1	1	0	1	1	1	1
Bacteria	class	SpSt-956	6	5	1	0	1	1	1	1
Bacteria	class	2-12-FULL-45-22	2	2	0	0	0	0	0	0
Bacteria	class	JADLDR01	1	1	0	0	0	0	0	0
Bacteria	class	CAZIXI01	1	1	0	0	0	0	0	0
Bacteria	class	BS750m-G25	1	1	0	0	0	0	0	0
Bacteria	class	JACPQU01	1	1	0	0	0	0	0	0
Bacteria	class	JASUSC01	2	1	0	0	0	0	0	0
Bacteria	class	JAZPYJ01	1	1	0	0	0	0	0	0
Bacteria	class	Tb-RUG-66	2	2	0	0	0	0	0	0
Bacteria	class	JBBSVG01	1	1	0	0	0	0	0	0
Bacteria	class	O2-12-FULL-43-9	2	2	0	0	0	0	0	0
Bacteria	class	CAYJOG01	1	1	0	0	0	0	0	0
Bacteria	class	CAYSBA01	1	1	0	0	0	0	0	0
Bacteria	class	CAZUFC01	1	1	0	0	0	0	0	0
Bacteria	class	JAFGSJ01	1	1	0	0	0	0	0	0
Bacteria	class	JAJRTK01	1	1	0	0	0	0	0	0
Bacteria	class	Calescibacteriia	12	7	0	0	0	0	0	0
Bacteria	class	UBA4733	8	6	0	0	0	0	0	0
Bacteria	class	DAOWNY01	1	1	0	0	0	0	0	0
Bacteria	class	DAOWOC01	1	1	0	0	0	0	0	0
Bacteria	class	G020345765	2	2	0	0	0	0	0	0
Bacteria	class	JADFXK01	4	4	0	0	0	0	0	0
Bacteria	class	JAFDED01	2	2	0	0	0	0	0	0
Bacteria	class	JAZDOA01	1	1	0	0	0	0	0	0
Bacteria	class	CAYGWX01	1	1	0	0	0	0	0	0
Bacteria	class	BS150m-G59	1	1	0	0	0	0	0	0
Bacteria	class	JACPUC01	1	1	0	0	0	0	0	0
Bacteria	class	JACQOV01	1	1	0	0	0	0	0	0
Bacteria	class	JAMORN01	1	1	0	0	0	0	0	0
Bacteria	class	JAMOTN01	1	1	0	0	0	0	0	0
Bacteria	class	JAUXIQ01	2	2	0	0	0	0	0	0
Bacteria	class	JBBIVP01	1	1	0	0	0	0	0	0
Bacteria	class	LJUI01	3	1	0	0	0	0	0	0
Bacteria	class	CAZTBA01	1	1	0	0	0	0	0	0
Bacteria	class	JBAZXJ01	1	1	0	0	0	0	0	0
Bacteria	class	BS750m-G34	2	2	0	0	0	0	0	0
Bacteria	class	JADGAW01	1	1	0	0	0	0	0	0
Bacteria	class	JAOUDF01	1	1	0	0	0	0	0	0
Bacteria	class	JAUXIB01	2	2	0	0	0	0	0	0
Bacteria	class	GCA-2792135	1	1	0	0	0	0	0	0
Bacteria	class	JACQLU01	1	1	0	0	0	0	0	0
Bacteria	class	CAYHQZ01	1	1	0	0	0	0	0	0
Bacteria	class	CAYMFW01	1	1	0	0	0	0	0	0
Bacteria	class	GCA-2746535	1	1	0	0	0	0	0	0
Bacteria	class	J132	1	1	0	0	0	0	0	0
Bacteria	class	JACQVX01	1	1	0	0	0	0	0	0
Bacteria	class	JAKEIC01	5	4	0	0	0	0	0	0
Bacteria	class	JAPUJT01	1	1	0	0	0	0	0	0
Bacteria	class	JBBTDB01	2	1	0	0	0	0	0	0
Bacteria	class	JBDREB01	1	1	0	0	0	0	0	0
Bacteria	class	JBFWNO01	1	1	0	0	0	0	0	0
Bacteria	class	Uabimicrobiia	16	9	0	0	0	0	0	0
Bacteria	class	CAZYWQ01	1	1	0	0	0	0	0	0
Bacteria	class	T1SED10-198M	1	1	0	0	0	0	0	0
Bacteria	class	UBA9089	2	1	0	0	0	0	0	0
Bacteria	class	JAMCWD01	1	1	0	0	0	0	0	0
Bacteria	class	JAMDEM01	1	1	0	0	0	0	0	0
